,day1_close,day1_sentiment,day1_followers,day2_close,day2_sentiment,day2_followers,day3_close,day3_sentiment,day3_followers,day4_close,day4_sentiment,day4_followers,day5_close,day5_sentiment,day5_followers,day6_delta
0,0.023526841438374267,-0.01986499999999999,1548.95,-0.002034008649557605,0.17498559322033905,6545.85593220339,-0.008560899413380847,0.12698494623655912,1411.784946236559,0.0004110876653223919,0.19836506024096387,1416.2289156626507,-0.008631115582300584,0.12465476190476188,2960.4285714285716,-0.01326714915507134
1,-0.002034008649557605,0.17498559322033905,6545.85593220339,-0.008560899413380847,0.12698494623655912,1411.784946236559,0.0004110876653223919,0.19836506024096387,1416.2289156626507,-0.008631115582300584,0.12465476190476188,2960.4285714285716,-0.01326714915507134,0.1014240963855422,1439.433734939759,-0.027731181962198287
2,-0.008560899413380847,0.12698494623655912,1411.784946236559,0.0004110876653223919,0.19836506024096387,1416.2289156626507,-0.008631115582300584,0.12465476190476188,2960.4285714285716,-0.01326714915507134,0.1014240963855422,1439.433734939759,-0.027731181962198287,0.07121641791044775,3489.7014925373132,0.00907516977525741
3,0.0004110876653223919,0.19836506024096387,1416.2289156626507,-0.008631115582300584,0.12465476190476188,2960.4285714285716,-0.01326714915507134,0.1014240963855422,1439.433734939759,-0.027731181962198287,0.07121641791044775,3489.7014925373132,0.00907516977525741,0.06280392156862746,5839.21568627451,0.02248407863808259
4,-0.008631115582300584,0.12465476190476188,2960.4285714285716,-0.01326714915507134,0.1014240963855422,1439.433734939759,-0.027731181962198287,0.07121641791044775,3489.7014925373132,0.00907516977525741,0.06280392156862746,5839.21568627451,0.02248407863808259,0.04828703703703704,2356.814814814815,-0.007958172328897267
5,-0.01326714915507134,0.1014240963855422,1439.433734939759,-0.027731181962198287,0.07121641791044775,3489.7014925373132,0.00907516977525741,0.06280392156862746,5839.21568627451,0.02248407863808259,0.04828703703703704,2356.814814814815,-0.007958172328897267,0.15977586206896555,1865.448275862069,-0.00042203973037887346
6,-0.027731181962198287,0.07121641791044775,3489.7014925373132,0.00907516977525741,0.06280392156862746,5839.21568627451,0.02248407863808259,0.04828703703703704,2356.814814814815,-0.007958172328897267,0.15977586206896555,1865.448275862069,-0.00042203973037887346,0.07339574468085104,1129.7021276595744,0.005913177616712691
7,0.00907516977525741,0.06280392156862746,5839.21568627451,0.02248407863808259,0.04828703703703704,2356.814814814815,-0.007958172328897267,0.15977586206896555,1865.448275862069,-0.00042203973037887346,0.07339574468085104,1129.7021276595744,0.005913177616712691,0.21910769230769234,887.4358974358975,0.02288478991589501
8,0.02248407863808259,0.04828703703703704,2356.814814814815,-0.007958172328897267,0.15977586206896555,1865.448275862069,-0.00042203973037887346,0.07339574468085104,1129.7021276595744,0.005913177616712691,0.21910769230769234,887.4358974358975,0.02288478991589501,0.093027027027027,2631.5,-0.008620486103583442
9,-0.007958172328897267,0.15977586206896555,1865.448275862069,-0.00042203973037887346,0.07339574468085104,1129.7021276595744,0.005913177616712691,0.21910769230769234,887.4358974358975,0.02288478991589501,0.093027027027027,2631.5,-0.008620486103583442,0.1599058823529412,10707.921568627451,-0.006004158033933726
10,-0.00042203973037887346,0.07339574468085104,1129.7021276595744,0.005913177616712691,0.21910769230769234,887.4358974358975,0.02288478991589501,0.093027027027027,2631.5,-0.008620486103583442,0.1599058823529412,10707.921568627451,-0.006004158033933726,0.132559375,736.3125,-0.0025158542109540495
11,0.005913177616712691,0.21910769230769234,887.4358974358975,0.02288478991589501,0.093027027027027,2631.5,-0.008620486103583442,0.1599058823529412,10707.921568627451,-0.006004158033933726,0.132559375,736.3125,-0.0025158542109540495,0.10946046511627908,2076.1627906976746,0.0
12,0.02288478991589501,0.093027027027027,2631.5,-0.008620486103583442,0.1599058823529412,10707.921568627451,-0.006004158033933726,0.132559375,736.3125,-0.0025158542109540495,0.10946046511627908,2076.1627906976746,0.0,0.08854800000000002,1660.44,-0.0033628643623983667
13,-0.008620486103583442,0.1599058823529412,10707.921568627451,-0.006004158033933726,0.132559375,736.3125,-0.0025158542109540495,0.10946046511627908,2076.1627906976746,0.0,0.08854800000000002,1660.44,-0.0033628643623983667,0.21770655737704922,3670.688524590164,-0.010965699649436084
14,-0.006004158033933726,0.132559375,736.3125,-0.0025158542109540495,0.10946046511627908,2076.1627906976746,0.0,0.08854800000000002,1660.44,-0.0033628643623983667,0.21770655737704922,3670.688524590164,-0.010965699649436084,0.20683055555555555,1446.5833333333333,-0.006609712233343495
15,-0.0025158542109540495,0.10946046511627908,2076.1627906976746,0.0,0.08854800000000002,1660.44,-0.0033628643623983667,0.21770655737704922,3670.688524590164,-0.010965699649436084,0.20683055555555555,1446.5833333333333,-0.006609712233343495,0.10118571428571431,1506.0857142857142,0.02189301257968403
16,0.0,0.08854800000000002,1660.44,-0.0033628643623983667,0.21770655737704922,3670.688524590164,-0.010965699649436084,0.20683055555555555,1446.5833333333333,-0.006609712233343495,0.10118571428571431,1506.0857142857142,0.02189301257968403,0.06372857142857144,712.7857142857143,-0.003360653878552652
17,-0.0033628643623983667,0.21770655737704922,3670.688524590164,-0.010965699649436084,0.20683055555555555,1446.5833333333333,-0.006609712233343495,0.10118571428571431,1506.0857142857142,0.02189301257968403,0.06372857142857144,712.7857142857143,-0.003360653878552652,0.10673809523809523,2562.9523809523807,-0.012434102242114393
18,-0.010965699649436084,0.20683055555555555,1446.5833333333333,-0.006609712233343495,0.10118571428571431,1506.0857142857142,0.02189301257968403,0.06372857142857144,712.7857142857143,-0.003360653878552652,0.10673809523809523,2562.9523809523807,-0.012434102242114393,0.08361851851851851,2217.074074074074,0.007895482523756724
19,-0.006609712233343495,0.10118571428571431,1506.0857142857142,0.02189301257968403,0.06372857142857144,712.7857142857143,-0.003360653878552652,0.10673809523809523,2562.9523809523807,-0.012434102242114393,0.08361851851851851,2217.074074074074,0.007895482523756724,0.15791785714285717,1268.2857142857142,-0.006563278630365059
20,0.02189301257968403,0.06372857142857144,712.7857142857143,-0.003360653878552652,0.10673809523809523,2562.9523809523807,-0.012434102242114393,0.08361851851851851,2217.074074074074,0.007895482523756724,0.15791785714285717,1268.2857142857142,-0.006563278630365059,0.14946891891891892,15540.067567567568,-0.0014919093774624415
21,-0.003360653878552652,0.10673809523809523,2562.9523809523807,-0.012434102242114393,0.08361851851851851,2217.074074074074,0.007895482523756724,0.15791785714285717,1268.2857142857142,-0.006563278630365059,0.14946891891891892,15540.067567567568,-0.0014919093774624415,0.146725,1138.0357142857142,-0.01045901590104199
22,-0.012434102242114393,0.08361851851851851,2217.074074074074,0.007895482523756724,0.15791785714285717,1268.2857142857142,-0.006563278630365059,0.14946891891891892,15540.067567567568,-0.0014919093774624415,0.146725,1138.0357142857142,-0.01045901590104199,0.15819230769230772,1339.4615384615386,-0.004745366384780408
23,0.007895482523756724,0.15791785714285717,1268.2857142857142,-0.006563278630365059,0.14946891891891892,15540.067567567568,-0.0014919093774624415,0.146725,1138.0357142857142,-0.01045901590104199,0.15819230769230772,1339.4615384615386,-0.004745366384780408,0.15237543859649122,1329.8070175438597,-0.00888594409214025
24,-0.006563278630365059,0.14946891891891892,15540.067567567568,-0.0014919093774624415,0.146725,1138.0357142857142,-0.01045901590104199,0.15819230769230772,1339.4615384615386,-0.004745366384780408,0.15237543859649122,1329.8070175438597,-0.00888594409214025,0.10548918918918912,17873.675675675677,-0.0017494422324144108
25,-0.0014919093774624415,0.146725,1138.0357142857142,-0.01045901590104199,0.15819230769230772,1339.4615384615386,-0.004745366384780408,0.15237543859649122,1329.8070175438597,-0.00888594409214025,0.10548918918918912,17873.675675675677,-0.0017494422324144108,0.17672758620689655,2244.0172413793102,0.02102957364044417
26,-0.01045901590104199,0.15819230769230772,1339.4615384615386,-0.004745366384780408,0.15237543859649122,1329.8070175438597,-0.00888594409214025,0.10548918918918912,17873.675675675677,-0.0017494422324144108,0.17672758620689655,2244.0172413793102,0.02102957364044417,0.16730847457627115,979.9830508474577,-0.0036476161716100563
27,-0.004745366384780408,0.15237543859649122,1329.8070175438597,-0.00888594409214025,0.10548918918918912,17873.675675675677,-0.0017494422324144108,0.17672758620689655,2244.0172413793102,0.02102957364044417,0.16730847457627115,979.9830508474577,-0.0036476161716100563,0.17223061224489802,2736.734693877551,-0.010120320626766838
28,-0.00888594409214025,0.10548918918918912,17873.675675675677,-0.0017494422324144108,0.17672758620689655,2244.0172413793102,0.02102957364044417,0.16730847457627115,979.9830508474577,-0.0036476161716100563,0.17223061224489802,2736.734693877551,-0.010120320626766838,0.2351720588235294,1956.7058823529412,-0.010658948677493155
29,-0.0017494422324144108,0.17672758620689655,2244.0172413793102,0.02102957364044417,0.16730847457627115,979.9830508474577,-0.0036476161716100563,0.17223061224489802,2736.734693877551,-0.010120320626766838,0.2351720588235294,1956.7058823529412,-0.010658948677493155,0.07352031249999998,1720.5234375,0.007695469133955583
30,0.02102957364044417,0.16730847457627115,979.9830508474577,-0.0036476161716100563,0.17223061224489802,2736.734693877551,-0.010120320626766838,0.2351720588235294,1956.7058823529412,-0.010658948677493155,0.07352031249999998,1720.5234375,0.007695469133955583,0.12842421052631586,2265.8105263157895,0.0030548085893893685
31,-0.0036476161716100563,0.17223061224489802,2736.734693877551,-0.010120320626766838,0.2351720588235294,1956.7058823529412,-0.010658948677493155,0.07352031249999998,1720.5234375,0.007695469133955583,0.12842421052631586,2265.8105263157895,0.0030548085893893685,0.11683703703703703,2341.1666666666665,0.01631505917478565
32,-0.010120320626766838,0.2351720588235294,1956.7058823529412,-0.010658948677493155,0.07352031249999998,1720.5234375,0.007695469133955583,0.12842421052631586,2265.8105263157895,0.0030548085893893685,0.11683703703703703,2341.1666666666665,0.01631505917478565,0.2699428571428571,1167.5882352941176,-0.013270448461356277
33,-0.010658948677493155,0.07352031249999998,1720.5234375,0.007695469133955583,0.12842421052631586,2265.8105263157895,0.0030548085893893685,0.11683703703703703,2341.1666666666665,0.01631505917478565,0.2699428571428571,1167.5882352941176,-0.013270448461356277,0.15595217391304347,1023.7826086956521,0.0028198438766546857
34,0.007695469133955583,0.12842421052631586,2265.8105263157895,0.0030548085893893685,0.11683703703703703,2341.1666666666665,0.01631505917478565,0.2699428571428571,1167.5882352941176,-0.013270448461356277,0.15595217391304347,1023.7826086956521,0.0028198438766546857,0.20642727272727274,9594.545454545454,-0.006921849744339685
35,0.0030548085893893685,0.11683703703703703,2341.1666666666665,0.01631505917478565,0.2699428571428571,1167.5882352941176,-0.013270448461356277,0.15595217391304347,1023.7826086956521,0.0028198438766546857,0.20642727272727274,9594.545454545454,-0.006921849744339685,0.11207954545454549,2369.7045454545455,-0.005881093749840878
36,0.01631505917478565,0.2699428571428571,1167.5882352941176,-0.013270448461356277,0.15595217391304347,1023.7826086956521,0.0028198438766546857,0.20642727272727274,9594.545454545454,-0.006921849744339685,0.11207954545454549,2369.7045454545455,-0.005881093749840878,0.3677954545454545,1593.090909090909,0.00021906981014293252
37,-0.013270448461356277,0.15595217391304347,1023.7826086956521,0.0028198438766546857,0.20642727272727274,9594.545454545454,-0.006921849744339685,0.11207954545454549,2369.7045454545455,-0.005881093749840878,0.3677954545454545,1593.090909090909,0.00021906981014293252,0.2233015384615385,1056.553846153846,-0.008543233024718353
38,0.0028198438766546857,0.20642727272727274,9594.545454545454,-0.006921849744339685,0.11207954545454549,2369.7045454545455,-0.005881093749840878,0.3677954545454545,1593.090909090909,0.00021906981014293252,0.2233015384615385,1056.553846153846,-0.008543233024718353,0.14966415094339622,1442.9811320754718,-0.01966425035417193
39,-0.006921849744339685,0.11207954545454549,2369.7045454545455,-0.005881093749840878,0.3677954545454545,1593.090909090909,0.00021906981014293252,0.2233015384615385,1056.553846153846,-0.008543233024718353,0.14966415094339622,1442.9811320754718,-0.01966425035417193,0.10035142857142858,1884.7142857142858,-0.004958392444096562
40,-0.005881093749840878,0.3677954545454545,1593.090909090909,0.00021906981014293252,0.2233015384615385,1056.553846153846,-0.008543233024718353,0.14966415094339622,1442.9811320754718,-0.01966425035417193,0.10035142857142858,1884.7142857142858,-0.004958392444096562,0.11328085106382979,3678.0425531914893,0.006795249160819038
41,0.00021906981014293252,0.2233015384615385,1056.553846153846,-0.008543233024718353,0.14966415094339622,1442.9811320754718,-0.01966425035417193,0.10035142857142858,1884.7142857142858,-0.004958392444096562,0.11328085106382979,3678.0425531914893,0.006795249160819038,0.1367607142857143,1789.642857142857,-0.0011249668861146125
42,-0.008543233024718353,0.14966415094339622,1442.9811320754718,-0.01966425035417193,0.10035142857142858,1884.7142857142858,-0.004958392444096562,0.11328085106382979,3678.0425531914893,0.006795249160819038,0.1367607142857143,1789.642857142857,-0.0011249668861146125,0.10397391304347826,1387.0434782608695,-0.00022535943985627172
43,-0.01966425035417193,0.10035142857142858,1884.7142857142858,-0.004958392444096562,0.11328085106382979,3678.0425531914893,0.006795249160819038,0.1367607142857143,1789.642857142857,-0.0011249668861146125,0.10397391304347826,1387.0434782608695,-0.00022535943985627172,0.2850238095238095,4920.619047619048,-0.002027393725785355
44,-0.004958392444096562,0.11328085106382979,3678.0425531914893,0.006795249160819038,0.1367607142857143,1789.642857142857,-0.0011249668861146125,0.10397391304347826,1387.0434782608695,-0.00022535943985627172,0.2850238095238095,4920.619047619048,-0.002027393725785355,0.06362631578947368,2180.3684210526317,-0.0013545707175638309
45,0.006795249160819038,0.1367607142857143,1789.642857142857,-0.0011249668861146125,0.10397391304347826,1387.0434782608695,-0.00022535943985627172,0.2850238095238095,4920.619047619048,-0.002027393725785355,0.06362631578947368,2180.3684210526317,-0.0013545707175638309,0.021547540983606544,6308.803278688524,0.0063294454633618285
46,-0.0011249668861146125,0.10397391304347826,1387.0434782608695,-0.00022535943985627172,0.2850238095238095,4920.619047619048,-0.002027393725785355,0.06362631578947368,2180.3684210526317,-0.0013545707175638309,0.021547540983606544,6308.803278688524,0.0063294454633618285,0.15503636363636364,5588.931818181818,0.0020214731569905228
47,-0.00022535943985627172,0.2850238095238095,4920.619047619048,-0.002027393725785355,0.06362631578947368,2180.3684210526317,-0.0013545707175638309,0.021547540983606544,6308.803278688524,0.0063294454633618285,0.15503636363636364,5588.931818181818,0.0020214731569905228,0.08784117647058824,1456.0588235294117,0.02084733371026015
48,-0.002027393725785355,0.06362631578947368,2180.3684210526317,-0.0013545707175638309,0.021547540983606544,6308.803278688524,0.0063294454633618285,0.15503636363636364,5588.931818181818,0.0020214731569905228,0.08784117647058824,1456.0588235294117,0.02084733371026015,0.1574246376811594,2372.782608695652,0.0017567412671576253
49,-0.0013545707175638309,0.021547540983606544,6308.803278688524,0.0063294454633618285,0.15503636363636364,5588.931818181818,0.0020214731569905228,0.08784117647058824,1456.0588235294117,0.02084733371026015,0.1574246376811594,2372.782608695652,0.0017567412671576253,0.05847592592592594,4592.981481481482,0.003068679483554336
50,0.0063294454633618285,0.15503636363636364,5588.931818181818,0.0020214731569905228,0.08784117647058824,1456.0588235294117,0.02084733371026015,0.1574246376811594,2372.782608695652,0.0017567412671576253,0.05847592592592594,4592.981481481482,0.003068679483554336,0.17120869565217395,7981.68115942029,0.019667790568705164
51,0.0020214731569905228,0.08784117647058824,1456.0588235294117,0.02084733371026015,0.1574246376811594,2372.782608695652,0.0017567412671576253,0.05847592592592594,4592.981481481482,0.003068679483554336,0.17120869565217395,7981.68115942029,0.019667790568705164,0.1908090909090909,1341.6493506493507,-0.0008572402387977231
52,0.02084733371026015,0.1574246376811594,2372.782608695652,0.0017567412671576253,0.05847592592592594,4592.981481481482,0.003068679483554336,0.17120869565217395,7981.68115942029,0.019667790568705164,0.1908090909090909,1341.6493506493507,-0.0008572402387977231,0.16030204081632654,1072.2244897959183,0.006435132885000769
53,0.0017567412671576253,0.05847592592592594,4592.981481481482,0.003068679483554336,0.17120869565217395,7981.68115942029,0.019667790568705164,0.1908090909090909,1341.6493506493507,-0.0008572402387977231,0.16030204081632654,1072.2244897959183,0.006435132885000769,0.09465365853658539,1312.9024390243903,0.007672570844314336
54,0.003068679483554336,0.17120869565217395,7981.68115942029,0.019667790568705164,0.1908090909090909,1341.6493506493507,-0.0008572402387977231,0.16030204081632654,1072.2244897959183,0.006435132885000769,0.09465365853658539,1312.9024390243903,0.007672570844314336,0.0747122448979592,1440.795918367347,-0.036801973888465365
55,0.019667790568705164,0.1908090909090909,1341.6493506493507,-0.0008572402387977231,0.16030204081632654,1072.2244897959183,0.006435132885000769,0.09465365853658539,1312.9024390243903,0.007672570844314336,0.0747122448979592,1440.795918367347,-0.036801973888465365,0.0895173076923077,1762.826923076923,0.012516524820662695
56,-0.0008572402387977231,0.16030204081632654,1072.2244897959183,0.006435132885000769,0.09465365853658539,1312.9024390243903,0.007672570844314336,0.0747122448979592,1440.795918367347,-0.036801973888465365,0.0895173076923077,1762.826923076923,0.012516524820662695,0.1709912280701754,1048.2456140350878,-0.0036868863979512547
57,0.006435132885000769,0.09465365853658539,1312.9024390243903,0.007672570844314336,0.0747122448979592,1440.795918367347,-0.036801973888465365,0.0895173076923077,1762.826923076923,0.012516524820662695,0.1709912280701754,1048.2456140350878,-0.0036868863979512547,0.09895925925925929,1776.388888888889,-0.01284298744673276
58,0.007672570844314336,0.0747122448979592,1440.795918367347,-0.036801973888465365,0.0895173076923077,1762.826923076923,0.012516524820662695,0.1709912280701754,1048.2456140350878,-0.0036868863979512547,0.09895925925925929,1776.388888888889,-0.01284298744673276,0.19157291666666665,864.1458333333334,-0.00022035084007047357
59,-0.036801973888465365,0.0895173076923077,1762.826923076923,0.012516524820662695,0.1709912280701754,1048.2456140350878,-0.0036868863979512547,0.09895925925925929,1776.388888888889,-0.01284298744673276,0.19157291666666665,864.1458333333334,-0.00022035084007047357,0.13073230769230773,5154.692307692308,0.020952574432469714
60,0.012516524820662695,0.1709912280701754,1048.2456140350878,-0.0036868863979512547,0.09895925925925929,1776.388888888889,-0.01284298744673276,0.19157291666666665,864.1458333333334,-0.00022035084007047357,0.13073230769230773,5154.692307692308,0.020952574432469714,0.19163113207547175,6203.669811320755,0.012746048465144376
61,-0.0036868863979512547,0.09895925925925929,1776.388888888889,-0.01284298744673276,0.19157291666666665,864.1458333333334,-0.00022035084007047357,0.13073230769230773,5154.692307692308,0.020952574432469714,0.19163113207547175,6203.669811320755,0.012746048465144376,0.13220933333333335,12264.293333333333,-0.0038396743258028096
62,-0.01284298744673276,0.19157291666666665,864.1458333333334,-0.00022035084007047357,0.13073230769230773,5154.692307692308,0.020952574432469714,0.19163113207547175,6203.669811320755,0.012746048465144376,0.13220933333333335,12264.293333333333,-0.0038396743258028096,0.15389589041095886,5981.767123287671,0.0023555366230010623
63,-0.00022035084007047357,0.13073230769230773,5154.692307692308,0.020952574432469714,0.19163113207547175,6203.669811320755,0.012746048465144376,0.13220933333333335,12264.293333333333,-0.0038396743258028096,0.15389589041095886,5981.767123287671,0.0023555366230010623,0.1315804347826087,1356.804347826087,0.015594771285864372
64,0.020952574432469714,0.19163113207547175,6203.669811320755,0.012746048465144376,0.13220933333333335,12264.293333333333,-0.0038396743258028096,0.15389589041095886,5981.767123287671,0.0023555366230010623,0.1315804347826087,1356.804347826087,0.015594771285864372,0.13788219178082192,1255.7534246575342,0.000841463554117003
65,0.012746048465144376,0.13220933333333335,12264.293333333333,-0.0038396743258028096,0.15389589041095886,5981.767123287671,0.0023555366230010623,0.1315804347826087,1356.804347826087,0.015594771285864372,0.13788219178082192,1255.7534246575342,0.000841463554117003,0.12114067796610171,4015.101694915254,-0.02017663763161181
66,-0.0038396743258028096,0.15389589041095886,5981.767123287671,0.0023555366230010623,0.1315804347826087,1356.804347826087,0.015594771285864372,0.13788219178082192,1255.7534246575342,0.000841463554117003,0.12114067796610171,4015.101694915254,-0.02017663763161181,0.14858208955223878,6516.522388059701,0.0025742071095702125
67,0.0023555366230010623,0.1315804347826087,1356.804347826087,0.015594771285864372,0.13788219178082192,1255.7534246575342,0.000841463554117003,0.12114067796610171,4015.101694915254,-0.02017663763161181,0.14858208955223878,6516.522388059701,0.0025742071095702125,0.15973181818181817,4287.636363636364,0.012622980257779387
68,0.015594771285864372,0.13788219178082192,1255.7534246575342,0.000841463554117003,0.12114067796610171,4015.101694915254,-0.02017663763161181,0.14858208955223878,6516.522388059701,0.0025742071095702125,0.15973181818181817,4287.636363636364,0.012622980257779387,0.05638611111111111,3177.6111111111113,-0.01943810543536202
69,0.000841463554117003,0.12114067796610171,4015.101694915254,-0.02017663763161181,0.14858208955223878,6516.522388059701,0.0025742071095702125,0.15973181818181817,4287.636363636364,0.012622980257779387,0.05638611111111111,3177.6111111111113,-0.01943810543536202,0.09922631578947368,1202.7368421052631,0.007110697018143927
70,-0.02017663763161181,0.14858208955223878,6516.522388059701,0.0025742071095702125,0.15973181818181817,4287.636363636364,0.012622980257779387,0.05638611111111111,3177.6111111111113,-0.01943810543536202,0.09922631578947368,1202.7368421052631,0.007110697018143927,0.1260658536585366,3253.121951219512,-0.00021407698199873973
71,0.0025742071095702125,0.15973181818181817,4287.636363636364,0.012622980257779387,0.05638611111111111,3177.6111111111113,-0.01943810543536202,0.09922631578947368,1202.7368421052631,0.007110697018143927,0.1260658536585366,3253.121951219512,-0.00021407698199873973,0.09382954545454546,3588.340909090909,0.005777895222240429
72,0.012622980257779387,0.05638611111111111,3177.6111111111113,-0.01943810543536202,0.09922631578947368,1202.7368421052631,0.007110697018143927,0.1260658536585366,3253.121951219512,-0.00021407698199873973,0.09382954545454546,3588.340909090909,0.005777895222240429,0.09154528301886791,861.5283018867924,0.006808449396439507
73,-0.01943810543536202,0.09922631578947368,1202.7368421052631,0.007110697018143927,0.1260658536585366,3253.121951219512,-0.00021407698199873973,0.09382954545454546,3588.340909090909,0.005777895222240429,0.09154528301886791,861.5283018867924,0.006808449396439507,-0.08756800000000001,3548.92,0.005530850535719056
74,0.007110697018143927,0.1260658536585366,3253.121951219512,-0.00021407698199873973,0.09382954545454546,3588.340909090909,0.005777895222240429,0.09154528301886791,861.5283018867924,0.006808449396439507,-0.08756800000000001,3548.92,0.005530850535719056,-0.014606,1707.86,-0.013962286850825449
75,-0.00021407698199873973,0.09382954545454546,3588.340909090909,0.005777895222240429,0.09154528301886791,861.5283018867924,0.006808449396439507,-0.08756800000000001,3548.92,0.005530850535719056,-0.014606,1707.86,-0.013962286850825449,0.05322115384615385,1591.5576923076924,-0.020382120281037596
76,0.005777895222240429,0.09154528301886791,861.5283018867924,0.006808449396439507,-0.08756800000000001,3548.92,0.005530850535719056,-0.014606,1707.86,-0.013962286850825449,0.05322115384615385,1591.5576923076924,-0.020382120281037596,0.15287192982456138,1363.6842105263158,-0.05672356706826916
77,0.006808449396439507,-0.08756800000000001,3548.92,0.005530850535719056,-0.014606,1707.86,-0.013962286850825449,0.05322115384615385,1591.5576923076924,-0.020382120281037596,0.15287192982456138,1363.6842105263158,-0.05672356706826916,0.06775918367346938,1362.1632653061224,-0.0322730452448626
78,0.005530850535719056,-0.014606,1707.86,-0.013962286850825449,0.05322115384615385,1591.5576923076924,-0.020382120281037596,0.15287192982456138,1363.6842105263158,-0.05672356706826916,0.06775918367346938,1362.1632653061224,-0.0322730452448626,0.237025925925926,595.1111111111111,-0.029030707523491676
79,-0.013962286850825449,0.05322115384615385,1591.5576923076924,-0.020382120281037596,0.15287192982456138,1363.6842105263158,-0.05672356706826916,0.06775918367346938,1362.1632653061224,-0.0322730452448626,0.237025925925926,595.1111111111111,-0.029030707523491676,0.11309523809523811,1610.0238095238096,0.05534965857014602
80,-0.020382120281037596,0.15287192982456138,1363.6842105263158,-0.05672356706826916,0.06775918367346938,1362.1632653061224,-0.0322730452448626,0.237025925925926,595.1111111111111,-0.029030707523491676,0.11309523809523811,1610.0238095238096,0.05534965857014602,0.10651632653061222,3907.612244897959,0.027862509271040028
81,-0.05672356706826916,0.06775918367346938,1362.1632653061224,-0.0322730452448626,0.237025925925926,595.1111111111111,-0.029030707523491676,0.11309523809523811,1610.0238095238096,0.05534965857014602,0.10651632653061222,3907.612244897959,0.027862509271040028,0.1828196078431373,1952.0392156862745,0.0006831380228954278
82,-0.0322730452448626,0.237025925925926,595.1111111111111,-0.029030707523491676,0.11309523809523811,1610.0238095238096,0.05534965857014602,0.10651632653061222,3907.612244897959,0.027862509271040028,0.1828196078431373,1952.0392156862745,0.0006831380228954278,0.025590384615384612,8551.442307692309,-0.009332993952629456
83,-0.029030707523491676,0.11309523809523811,1610.0238095238096,0.05534965857014602,0.10651632653061222,3907.612244897959,0.027862509271040028,0.1828196078431373,1952.0392156862745,0.0006831380228954278,0.025590384615384612,8551.442307692309,-0.009332993952629456,0.10097368421052631,4387.894736842105,-0.039062429599293694
84,0.05534965857014602,0.10651632653061222,3907.612244897959,0.027862509271040028,0.1828196078431373,1952.0392156862745,0.0006831380228954278,0.025590384615384612,8551.442307692309,-0.009332993952629456,0.10097368421052631,4387.894736842105,-0.039062429599293694,0.10696031746031749,906.6984126984127,0.03682442351318828
85,0.027862509271040028,0.1828196078431373,1952.0392156862745,0.0006831380228954278,0.025590384615384612,8551.442307692309,-0.009332993952629456,0.10097368421052631,4387.894736842105,-0.039062429599293694,0.10696031746031749,906.6984126984127,0.03682442351318828,0.31517333333333336,1385.1333333333334,0.0032291258380124344
86,0.0006831380228954278,0.025590384615384612,8551.442307692309,-0.009332993952629456,0.10097368421052631,4387.894736842105,-0.039062429599293694,0.10696031746031749,906.6984126984127,0.03682442351318828,0.31517333333333336,1385.1333333333334,0.0032291258380124344,0.02321162790697675,1011.6279069767442,-0.020460059644398364
87,-0.009332993952629456,0.10097368421052631,4387.894736842105,-0.039062429599293694,0.10696031746031749,906.6984126984127,0.03682442351318828,0.31517333333333336,1385.1333333333334,0.0032291258380124344,0.02321162790697675,1011.6279069767442,-0.020460059644398364,0.1944852941176471,827.2352941176471,0.030039864361729354
88,-0.039062429599293694,0.10696031746031749,906.6984126984127,0.03682442351318828,0.31517333333333336,1385.1333333333334,0.0032291258380124344,0.02321162790697675,1011.6279069767442,-0.020460059644398364,0.1944852941176471,827.2352941176471,0.030039864361729354,0.11699090909090908,3148.5454545454545,-0.01868309676551645
89,0.03682442351318828,0.31517333333333336,1385.1333333333334,0.0032291258380124344,0.02321162790697675,1011.6279069767442,-0.020460059644398364,0.1944852941176471,827.2352941176471,0.030039864361729354,0.11699090909090908,3148.5454545454545,-0.01868309676551645,0.11873963963963961,5625.468468468468,0.005108177659551517
90,0.0032291258380124344,0.02321162790697675,1011.6279069767442,-0.020460059644398364,0.1944852941176471,827.2352941176471,0.030039864361729354,0.11699090909090908,3148.5454545454545,-0.01868309676551645,0.11873963963963961,5625.468468468468,0.005108177659551517,0.11100156250000003,774.578125,0.004388853722578423
91,-0.020460059644398364,0.1944852941176471,827.2352941176471,0.030039864361729354,0.11699090909090908,3148.5454545454545,-0.01868309676551645,0.11873963963963961,5625.468468468468,0.005108177659551517,0.11100156250000003,774.578125,0.004388853722578423,0.07047466666666666,3153.653333333333,-0.01011944681798546
92,0.030039864361729354,0.11699090909090908,3148.5454545454545,-0.01868309676551645,0.11873963963963961,5625.468468468468,0.005108177659551517,0.11100156250000003,774.578125,0.004388853722578423,0.07047466666666666,3153.653333333333,-0.01011944681798546,0.1957692307692307,2263.8615384615387,0.021840148045689983
93,-0.01868309676551645,0.11873963963963961,5625.468468468468,0.005108177659551517,0.11100156250000003,774.578125,0.004388853722578423,0.07047466666666666,3153.653333333333,-0.01011944681798546,0.1957692307692307,2263.8615384615387,0.021840148045689983,0.07330380952380953,700.6761904761905,0.00727593347556545
94,0.005108177659551517,0.11100156250000003,774.578125,0.004388853722578423,0.07047466666666666,3153.653333333333,-0.01011944681798546,0.1957692307692307,2263.8615384615387,0.021840148045689983,0.07330380952380953,700.6761904761905,0.00727593347556545,0.17358913043478258,2261.836956521739,-0.0011287463433534972
95,0.004388853722578423,0.07047466666666666,3153.653333333333,-0.01011944681798546,0.1957692307692307,2263.8615384615387,0.021840148045689983,0.07330380952380953,700.6761904761905,0.00727593347556545,0.17358913043478258,2261.836956521739,-0.0011287463433534972,0.12302025316455695,1458.1898734177216,-0.017401101114542693
96,-0.01011944681798546,0.1957692307692307,2263.8615384615387,0.021840148045689983,0.07330380952380953,700.6761904761905,0.00727593347556545,0.17358913043478258,2261.836956521739,-0.0011287463433534972,0.12302025316455695,1458.1898734177216,-0.017401101114542693,0.13330144927536233,3103.8985507246375,0.014489420840352967
97,0.021840148045689983,0.07330380952380953,700.6761904761905,0.00727593347556545,0.17358913043478258,2261.836956521739,-0.0011287463433534972,0.12302025316455695,1458.1898734177216,-0.017401101114542693,0.13330144927536233,3103.8985507246375,0.014489420840352967,0.08181590909090908,1061.0454545454545,-0.004760694718436759
98,0.00727593347556545,0.17358913043478258,2261.836956521739,-0.0011287463433534972,0.12302025316455695,1458.1898734177216,-0.017401101114542693,0.13330144927536233,3103.8985507246375,0.014489420840352967,0.08181590909090908,1061.0454545454545,-0.004760694718436759,0.048855357142857145,3916.9285714285716,-0.0006836302149937523
99,-0.0011287463433534972,0.12302025316455695,1458.1898734177216,-0.017401101114542693,0.13330144927536233,3103.8985507246375,0.014489420840352967,0.08181590909090908,1061.0454545454545,-0.004760694718436759,0.048855357142857145,3916.9285714285716,-0.0006836302149937523,0.09347959183673471,23812.367346938776,0.0009118924577144067
100,-0.017401101114542693,0.13330144927536233,3103.8985507246375,0.014489420840352967,0.08181590909090908,1061.0454545454545,-0.004760694718436759,0.048855357142857145,3916.9285714285716,-0.0006836302149937523,0.09347959183673471,23812.367346938776,0.0009118924577144067,0.16238809523809525,847.5714285714286,0.0006832777975854005
101,0.014489420840352967,0.08181590909090908,1061.0454545454545,-0.004760694718436759,0.048855357142857145,3916.9285714285716,-0.0006836302149937523,0.09347959183673471,23812.367346938776,0.0009118924577144067,0.16238809523809525,847.5714285714286,0.0006832777975854005,0.029848,2385.98,-0.014792793057714438
102,-0.004760694718436759,0.048855357142857145,3916.9285714285716,-0.0006836302149937523,0.09347959183673471,23812.367346938776,0.0009118924577144067,0.16238809523809525,847.5714285714286,0.0006832777975854005,0.029848,2385.98,-0.014792793057714438,0.18380930232558138,3649.3720930232557,0.0034649186686589828
103,-0.0006836302149937523,0.09347959183673471,23812.367346938776,0.0009118924577144067,0.16238809523809525,847.5714285714286,0.0006832777975854005,0.029848,2385.98,-0.014792793057714438,0.18380930232558138,3649.3720930232557,0.0034649186686589828,0.14079827586206892,1926.2586206896551,0.018876386498413177
104,0.0009118924577144067,0.16238809523809525,847.5714285714286,0.0006832777975854005,0.029848,2385.98,-0.014792793057714438,0.18380930232558138,3649.3720930232557,0.0034649186686589828,0.14079827586206892,1926.2586206896551,0.018876386498413177,0.17664126984126988,1267.3174603174602,0.007907927384151567
105,0.0006832777975854005,0.029848,2385.98,-0.014792793057714438,0.18380930232558138,3649.3720930232557,0.0034649186686589828,0.14079827586206892,1926.2586206896551,0.018876386498413177,0.17664126984126988,1267.3174603174602,0.007907927384151567,0.14956875000000003,2506.28125,0.021519858666099085
106,-0.014792793057714438,0.18380930232558138,3649.3720930232557,0.0034649186686589828,0.14079827586206892,1926.2586206896551,0.018876386498413177,0.17664126984126988,1267.3174603174602,0.007907927384151567,0.14956875000000003,2506.28125,0.021519858666099085,0.12346093750000002,970.59375,0.02326089898858744
107,0.0034649186686589828,0.14079827586206892,1926.2586206896551,0.018876386498413177,0.17664126984126988,1267.3174603174602,0.007907927384151567,0.14956875000000003,2506.28125,0.021519858666099085,0.12346093750000002,970.59375,0.02326089898858744,0.2217340909090909,1181.840909090909,0.0025734993008230157
108,0.018876386498413177,0.17664126984126988,1267.3174603174602,0.007907927384151567,0.14956875000000003,2506.28125,0.021519858666099085,0.12346093750000002,970.59375,0.02326089898858744,0.2217340909090909,1181.840909090909,0.0025734993008230157,0.09542018779342722,27813.652582159626,0.001069407964741402
109,0.007907927384151567,0.14956875000000003,2506.28125,0.021519858666099085,0.12346093750000002,970.59375,0.02326089898858744,0.2217340909090909,1181.840909090909,0.0025734993008230157,0.09542018779342722,27813.652582159626,0.001069407964741402,0.21110000000000007,3312.0444444444443,0.0138890681155953
110,0.021519858666099085,0.12346093750000002,970.59375,0.02326089898858744,0.2217340909090909,1181.840909090909,0.0025734993008230157,0.09542018779342722,27813.652582159626,0.001069407964741402,0.21110000000000007,3312.0444444444443,0.0138890681155953,0.18933181818181818,1606.939393939394,-0.00716551904322539
111,0.02326089898858744,0.2217340909090909,1181.840909090909,0.0025734993008230157,0.09542018779342722,27813.652582159626,0.001069407964741402,0.21110000000000007,3312.0444444444443,0.0138890681155953,0.18933181818181818,1606.939393939394,-0.00716551904322539,0.10909012345679012,4804.641975308642,-0.0023349666495909764
112,0.0025734993008230157,0.09542018779342722,27813.652582159626,0.001069407964741402,0.21110000000000007,3312.0444444444443,0.0138890681155953,0.18933181818181818,1606.939393939394,-0.00716551904322539,0.10909012345679012,4804.641975308642,-0.0023349666495909764,0.09777499999999999,1206.0714285714287,-0.002340431479040025
113,0.001069407964741402,0.21110000000000007,3312.0444444444443,0.0138890681155953,0.18933181818181818,1606.939393939394,-0.00716551904322539,0.10909012345679012,4804.641975308642,-0.0023349666495909764,0.09777499999999999,1206.0714285714287,-0.002340431479040025,0.18296774193548385,3523.435483870968,-0.004478536374001759
114,0.0138890681155953,0.18933181818181818,1606.939393939394,-0.00716551904322539,0.10909012345679012,4804.641975308642,-0.0023349666495909764,0.09777499999999999,1206.0714285714287,-0.002340431479040025,0.18296774193548385,3523.435483870968,-0.004478536374001759,0.19856226415094338,3171.603773584906,0.007069264521724392
115,-0.00716551904322539,0.10909012345679012,4804.641975308642,-0.0023349666495909764,0.09777499999999999,1206.0714285714287,-0.002340431479040025,0.18296774193548385,3523.435483870968,-0.004478536374001759,0.19856226415094338,3171.603773584906,0.007069264521724392,0.2101727272727273,3291.590909090909,0.010636267918271654
116,-0.0023349666495909764,0.09777499999999999,1206.0714285714287,-0.002340431479040025,0.18296774193548385,3523.435483870968,-0.004478536374001759,0.19856226415094338,3171.603773584906,0.007069264521724392,0.2101727272727273,3291.590909090909,0.010636267918271654,0.2082,1024.2173913043478,0.0023151484878812883
117,-0.002340431479040025,0.18296774193548385,3523.435483870968,-0.004478536374001759,0.19856226415094338,3171.603773584906,0.007069264521724392,0.2101727272727273,3291.590909090909,0.010636267918271654,0.2082,1024.2173913043478,0.0023151484878812883,0.15680491803278687,2266.590163934426,0.0031501328196238206
118,-0.004478536374001759,0.19856226415094338,3171.603773584906,0.007069264521724392,0.2101727272727273,3291.590909090909,0.010636267918271654,0.2082,1024.2173913043478,0.0023151484878812883,0.15680491803278687,2266.590163934426,0.0031501328196238206,0.22693947368421052,9628.578947368422,-0.011932308342949876
119,0.007069264521724392,0.2101727272727273,3291.590909090909,0.010636267918271654,0.2082,1024.2173913043478,0.0023151484878812883,0.15680491803278687,2266.590163934426,0.0031501328196238206,0.22693947368421052,9628.578947368422,-0.011932308342949876,0.22102467532467535,2176.5714285714284,0.017584650695684295
120,0.010636267918271654,0.2082,1024.2173913043478,0.0023151484878812883,0.15680491803278687,2266.590163934426,0.0031501328196238206,0.22693947368421052,9628.578947368422,-0.011932308342949876,0.22102467532467535,2176.5714285714284,0.017584650695684295,0.22256140350877193,4847.578947368421,0.10077043546817092
121,0.0023151484878812883,0.15680491803278687,2266.590163934426,0.0031501328196238206,0.22693947368421052,9628.578947368422,-0.011932308342949876,0.22102467532467535,2176.5714285714284,0.017584650695684295,0.22256140350877193,4847.578947368421,0.10077043546817092,0.18410476190476197,3215.154761904762,0.02610194606327857
122,0.0031501328196238206,0.22693947368421052,9628.578947368422,-0.011932308342949876,0.22102467532467535,2176.5714285714284,0.017584650695684295,0.22256140350877193,4847.578947368421,0.10077043546817092,0.18410476190476197,3215.154761904762,0.02610194606327857,0.20149909090909096,1545.2545454545455,-0.01032280050123994
123,-0.011932308342949876,0.22102467532467535,2176.5714285714284,0.017584650695684295,0.22256140350877193,4847.578947368421,0.10077043546817092,0.18410476190476197,3215.154761904762,0.02610194606327857,0.20149909090909096,1545.2545454545455,-0.01032280050123994,0.19524105263157898,1258.0210526315789,0.00540146721551494
124,0.017584650695684295,0.22256140350877193,4847.578947368421,0.10077043546817092,0.18410476190476197,3215.154761904762,0.02610194606327857,0.20149909090909096,1545.2545454545455,-0.01032280050123994,0.19524105263157898,1258.0210526315789,0.00540146721551494,0.09207868852459014,1441.672131147541,-0.011485698566058838
125,0.10077043546817092,0.18410476190476197,3215.154761904762,0.02610194606327857,0.20149909090909096,1545.2545454545455,-0.01032280050123994,0.19524105263157898,1258.0210526315789,0.00540146721551494,0.09207868852459014,1441.672131147541,-0.011485698566058838,0.11230188679245283,2696.811320754717,-0.013493304885427854
126,0.02610194606327857,0.20149909090909096,1545.2545454545455,-0.01032280050123994,0.19524105263157898,1258.0210526315789,0.00540146721551494,0.09207868852459014,1441.672131147541,-0.011485698566058838,0.11230188679245283,2696.811320754717,-0.013493304885427854,0.18811500000000006,858.7,0.011398104100533234
127,-0.01032280050123994,0.19524105263157898,1258.0210526315789,0.00540146721551494,0.09207868852459014,1441.672131147541,-0.011485698566058838,0.11230188679245283,2696.811320754717,-0.013493304885427854,0.18811500000000006,858.7,0.011398104100533234,0.21990500000000002,915.7,0.017092749085654585
128,0.00540146721551494,0.09207868852459014,1441.672131147541,-0.011485698566058838,0.11230188679245283,2696.811320754717,-0.013493304885427854,0.18811500000000006,858.7,0.011398104100533234,0.21990500000000002,915.7,0.017092749085654585,0.07904166666666666,4458.066666666667,0.004616645044805847
129,-0.011485698566058838,0.11230188679245283,2696.811320754717,-0.013493304885427854,0.18811500000000006,858.7,0.011398104100533234,0.21990500000000002,915.7,0.017092749085654585,0.07904166666666666,4458.066666666667,0.004616645044805847,0.175144,2397.0933333333332,-0.00036766058086768795
130,-0.013493304885427854,0.18811500000000006,858.7,0.011398104100533234,0.21990500000000002,915.7,0.017092749085654585,0.07904166666666666,4458.066666666667,0.004616645044805847,0.175144,2397.0933333333332,-0.00036766058086768795,0.21452542372881359,875.4067796610169,0.009929890725130642
131,0.011398104100533234,0.21990500000000002,915.7,0.017092749085654585,0.07904166666666666,4458.066666666667,0.004616645044805847,0.175144,2397.0933333333332,-0.00036766058086768795,0.21452542372881359,875.4067796610169,0.009929890725130642,0.09957843137254901,924.5098039215686,-0.013838094741997162
132,0.017092749085654585,0.07904166666666666,4458.066666666667,0.004616645044805847,0.175144,2397.0933333333332,-0.00036766058086768795,0.21452542372881359,875.4067796610169,0.009929890725130642,0.09957843137254901,924.5098039215686,-0.013838094741997162,0.16380634920634918,6773.825396825397,-0.012001469978102914
133,0.004616645044805847,0.175144,2397.0933333333332,-0.00036766058086768795,0.21452542372881359,875.4067796610169,0.009929890725130642,0.09957843137254901,924.5098039215686,-0.013838094741997162,0.16380634920634918,6773.825396825397,-0.012001469978102914,0.1682238095238095,1370.095238095238,0.0026163085270700607
134,-0.00036766058086768795,0.21452542372881359,875.4067796610169,0.009929890725130642,0.09957843137254901,924.5098039215686,-0.013838094741997162,0.16380634920634918,6773.825396825397,-0.012001469978102914,0.1682238095238095,1370.095238095238,0.0026163085270700607,0.09414081632653062,1890.2857142857142,-0.006150993608567964
135,0.009929890725130642,0.09957843137254901,924.5098039215686,-0.013838094741997162,0.16380634920634918,6773.825396825397,-0.012001469978102914,0.1682238095238095,1370.095238095238,0.0026163085270700607,0.09414081632653062,1890.2857142857142,-0.006150993608567964,0.1923363636363637,1167.378787878788,-0.009002298504027314
136,-0.013838094741997162,0.16380634920634918,6773.825396825397,-0.012001469978102914,0.1682238095238095,1370.095238095238,0.0026163085270700607,0.09414081632653062,1890.2857142857142,-0.006150993608567964,0.1923363636363637,1167.378787878788,-0.009002298504027314,0.13845925925925928,1534.351851851852,0.01760026703991629
137,-0.012001469978102914,0.1682238095238095,1370.095238095238,0.0026163085270700607,0.09414081632653062,1890.2857142857142,-0.006150993608567964,0.1923363636363637,1167.378787878788,-0.009002298504027314,0.13845925925925928,1534.351851851852,0.01760026703991629,0.10617499999999999,3312.85,-0.008238135614964441
138,0.0026163085270700607,0.09414081632653062,1890.2857142857142,-0.006150993608567964,0.1923363636363637,1167.378787878788,-0.009002298504027314,0.13845925925925928,1534.351851851852,0.01760026703991629,0.10617499999999999,3312.85,-0.008238135614964441,0.17311874999999993,2083.921875,0.016613132468191065
139,-0.006150993608567964,0.1923363636363637,1167.378787878788,-0.009002298504027314,0.13845925925925928,1534.351851851852,0.01760026703991629,0.10617499999999999,3312.85,-0.008238135614964441,0.17311874999999993,2083.921875,0.016613132468191065,0.13609493670886075,2027.2911392405063,0.001671589640078002
140,-0.009002298504027314,0.13845925925925928,1534.351851851852,0.01760026703991629,0.10617499999999999,3312.85,-0.008238135614964441,0.17311874999999993,2083.921875,0.016613132468191065,0.13609493670886075,2027.2911392405063,0.001671589640078002,0.15021454545454546,1959.2818181818182,0.00463462517173488
141,0.01760026703991629,0.10617499999999999,3312.85,-0.008238135614964441,0.17311874999999993,2083.921875,0.016613132468191065,0.13609493670886075,2027.2911392405063,0.001671589640078002,0.15021454545454546,1959.2818181818182,0.00463462517173488,0.12954782608695653,1141.2753623188405,0.0
142,-0.008238135614964441,0.17311874999999993,2083.921875,0.016613132468191065,0.13609493670886075,2027.2911392405063,0.001671589640078002,0.15021454545454546,1959.2818181818182,0.00463462517173488,0.12954782608695653,1141.2753623188405,0.0,0.19070212765957448,2923.255319148936,0.0011073085911766877
143,0.016613132468191065,0.13609493670886075,2027.2911392405063,0.001671589640078002,0.15021454545454546,1959.2818181818182,0.00463462517173488,0.12954782608695653,1141.2753623188405,0.0,0.19070212765957448,2923.255319148936,0.0011073085911766877,0.1412081081081081,13407.783783783783,-0.010322664287598664
144,0.001671589640078002,0.15021454545454546,1959.2818181818182,0.00463462517173488,0.12954782608695653,1141.2753623188405,0.0,0.19070212765957448,2923.255319148936,0.0011073085911766877,0.1412081081081081,13407.783783783783,-0.010322664287598664,0.24317741935483878,1461.6129032258063,0.004469942888537999
145,0.00463462517173488,0.12954782608695653,1141.2753623188405,0.0,0.19070212765957448,2923.255319148936,0.0011073085911766877,0.1412081081081081,13407.783783783783,-0.010322664287598664,0.24317741935483878,1461.6129032258063,0.004469942888537999,0.10449565217391306,1819.3478260869565,0.007787893425370709
146,0.0,0.19070212765957448,2923.255319148936,0.0011073085911766877,0.1412081081081081,13407.783783783783,-0.010322664287598664,0.24317741935483878,1461.6129032258063,0.004469942888537999,0.10449565217391306,1819.3478260869565,0.007787893425370709,0.06551228070175438,1162.8070175438597,0.016007604108532747
147,0.0011073085911766877,0.1412081081081081,13407.783783783783,-0.010322664287598664,0.24317741935483878,1461.6129032258063,0.004469942888537999,0.10449565217391306,1819.3478260869565,0.007787893425370709,0.06551228070175438,1162.8070175438597,0.016007604108532747,0.21811379310344822,1773.3103448275863,-0.00018110255914294504
148,-0.010322664287598664,0.24317741935483878,1461.6129032258063,0.004469942888537999,0.10449565217391306,1819.3478260869565,0.007787893425370709,0.06551228070175438,1162.8070175438597,0.016007604108532747,0.21811379310344822,1773.3103448275863,-0.00018110255914294504,0.1592806451612903,798.2903225806451,-0.018293933071309377
149,0.004469942888537999,0.10449565217391306,1819.3478260869565,0.007787893425370709,0.06551228070175438,1162.8070175438597,0.016007604108532747,0.21811379310344822,1773.3103448275863,-0.00018110255914294504,0.1592806451612903,798.2903225806451,-0.018293933071309377,0.04568070175438597,1512.3859649122808,0.031549721757766276
150,0.007787893425370709,0.06551228070175438,1162.8070175438597,0.016007604108532747,0.21811379310344822,1773.3103448275863,-0.00018110255914294504,0.1592806451612903,798.2903225806451,-0.018293933071309377,0.04568070175438597,1512.3859649122808,0.031549721757766276,0.18723235294117646,3095.514705882353,-0.0017885029477352626
151,0.016007604108532747,0.21811379310344822,1773.3103448275863,-0.00018110255914294504,0.1592806451612903,798.2903225806451,-0.018293933071309377,0.04568070175438597,1512.3859649122808,0.031549721757766276,0.18723235294117646,3095.514705882353,-0.0017885029477352626,0.12257804878048782,2773.0,-0.00035831841044984896
152,-0.00018110255914294504,0.1592806451612903,798.2903225806451,-0.018293933071309377,0.04568070175438597,1512.3859649122808,0.031549721757766276,0.18723235294117646,3095.514705882353,-0.0017885029477352626,0.12257804878048782,2773.0,-0.00035831841044984896,0.09619859154929578,992.4225352112676,-0.014518665030448621
153,-0.018293933071309377,0.04568070175438597,1512.3859649122808,0.031549721757766276,0.18723235294117646,3095.514705882353,-0.0017885029477352626,0.12257804878048782,2773.0,-0.00035831841044984896,0.09619859154929578,992.4225352112676,-0.014518665030448621,0.05211833333333334,1614.0833333333333,0.00527449065778065
154,0.031549721757766276,0.18723235294117646,3095.514705882353,-0.0017885029477352626,0.12257804878048782,2773.0,-0.00035831841044984896,0.09619859154929578,992.4225352112676,-0.014518665030448621,0.05211833333333334,1614.0833333333333,0.00527449065778065,0.13748684210526319,4048.6710526315787,-0.021892386462285737
155,-0.0017885029477352626,0.12257804878048782,2773.0,-0.00035831841044984896,0.09619859154929578,992.4225352112676,-0.014518665030448621,0.05211833333333334,1614.0833333333333,0.00527449065778065,0.13748684210526319,4048.6710526315787,-0.021892386462285737,0.042408474576271206,34437.96610169492,0.01997783630467766
156,-0.00035831841044984896,0.09619859154929578,992.4225352112676,-0.014518665030448621,0.05211833333333334,1614.0833333333333,0.00527449065778065,0.13748684210526319,4048.6710526315787,-0.021892386462285737,0.042408474576271206,34437.96610169492,0.01997783630467766,0.07121142857142856,3134.3714285714286,0.0010879972884142784
157,-0.014518665030448621,0.05211833333333334,1614.0833333333333,0.00527449065778065,0.13748684210526319,4048.6710526315787,-0.021892386462285737,0.042408474576271206,34437.96610169492,0.01997783630467766,0.07121142857142856,3134.3714285714286,0.0010879972884142784,0.1720835616438356,1555.2191780821918,0.016847787892252143
158,0.00527449065778065,0.13748684210526319,4048.6710526315787,-0.021892386462285737,0.042408474576271206,34437.96610169492,0.01997783630467766,0.07121142857142856,3134.3714285714286,0.0010879972884142784,0.1720835616438356,1555.2191780821918,0.016847787892252143,0.13962291666666668,1299.625,-0.00766075783794935
159,-0.021892386462285737,0.042408474576271206,34437.96610169492,0.01997783630467766,0.07121142857142856,3134.3714285714286,0.0010879972884142784,0.1720835616438356,1555.2191780821918,0.016847787892252143,0.13962291666666668,1299.625,-0.00766075783794935,0.19976829268292684,1700.0,-0.028186656245438577
160,0.01997783630467766,0.07121142857142856,3134.3714285714286,0.0010879972884142784,0.1720835616438356,1555.2191780821918,0.016847787892252143,0.13962291666666668,1299.625,-0.00766075783794935,0.19976829268292684,1700.0,-0.028186656245438577,0.23332448979591836,1104.857142857143,0.012931902254784966
161,0.0010879972884142784,0.1720835616438356,1555.2191780821918,0.016847787892252143,0.13962291666666668,1299.625,-0.00766075783794935,0.19976829268292684,1700.0,-0.028186656245438577,0.23332448979591836,1104.857142857143,0.012931902254784966,0.09563921568627454,1516.1764705882354,0.00948373088960951
162,0.016847787892252143,0.13962291666666668,1299.625,-0.00766075783794935,0.19976829268292684,1700.0,-0.028186656245438577,0.23332448979591836,1104.857142857143,0.012931902254784966,0.09563921568627454,1516.1764705882354,0.00948373088960951,0.2266229166666667,2485.75,0.008491364843683855
163,-0.00766075783794935,0.19976829268292684,1700.0,-0.028186656245438577,0.23332448979591836,1104.857142857143,0.012931902254784966,0.09563921568627454,1516.1764705882354,0.00948373088960951,0.2266229166666667,2485.75,0.008491364843683855,-0.010542307692307693,2772.3076923076924,-0.002687127908703316
164,-0.028186656245438577,0.23332448979591836,1104.857142857143,0.012931902254784966,0.09563921568627454,1516.1764705882354,0.00948373088960951,0.2266229166666667,2485.75,0.008491364843683855,-0.010542307692307693,2772.3076923076924,-0.002687127908703316,0.1965833333333333,726.5,0.005029612911530848
165,0.012931902254784966,0.09563921568627454,1516.1764705882354,0.00948373088960951,0.2266229166666667,2485.75,0.008491364843683855,-0.010542307692307693,2772.3076923076924,-0.002687127908703316,0.1965833333333333,726.5,0.005029612911530848,0.32677826086956524,4384.086956521739,0.010723843723634486
166,0.00948373088960951,0.2266229166666667,2485.75,0.008491364843683855,-0.010542307692307693,2772.3076923076924,-0.002687127908703316,0.1965833333333333,726.5,0.005029612911530848,0.32677826086956524,4384.086956521739,0.010723843723634486,0.1274363636363636,1039.090909090909,-0.004243934138332274
167,0.008491364843683855,-0.010542307692307693,2772.3076923076924,-0.002687127908703316,0.1965833333333333,726.5,0.005029612911530848,0.32677826086956524,4384.086956521739,0.010723843723634486,0.1274363636363636,1039.090909090909,-0.004243934138332274,0.15772564102564104,6583.461538461538,-0.014739803602433758
168,-0.002687127908703316,0.1965833333333333,726.5,0.005029612911530848,0.32677826086956524,4384.086956521739,0.010723843723634486,0.1274363636363636,1039.090909090909,-0.004243934138332274,0.15772564102564104,6583.461538461538,-0.014739803602433758,0.08867428571428569,1571.4571428571428,-0.01225685603927775
169,0.005029612911530848,0.32677826086956524,4384.086956521739,0.010723843723634486,0.1274363636363636,1039.090909090909,-0.004243934138332274,0.15772564102564104,6583.461538461538,-0.014739803602433758,0.08867428571428569,1571.4571428571428,-0.01225685603927775,-0.007148888888888894,12599.844444444445,0.004562206692449234
170,0.010723843723634486,0.1274363636363636,1039.090909090909,-0.004243934138332274,0.15772564102564104,6583.461538461538,-0.014739803602433758,0.08867428571428569,1571.4571428571428,-0.01225685603927775,-0.007148888888888894,12599.844444444445,0.004562206692449234,0.14027307692307692,14112.73076923077,-0.0181653651401984
171,-0.004243934138332274,0.15772564102564104,6583.461538461538,-0.014739803602433758,0.08867428571428569,1571.4571428571428,-0.01225685603927775,-0.007148888888888894,12599.844444444445,0.004562206692449234,0.14027307692307692,14112.73076923077,-0.0181653651401984,0.16052894736842108,1370.7763157894738,-0.03478264719585951
172,-0.014739803602433758,0.08867428571428569,1571.4571428571428,-0.01225685603927775,-0.007148888888888894,12599.844444444445,0.004562206692449234,0.14027307692307692,14112.73076923077,-0.0181653651401984,0.16052894736842108,1370.7763157894738,-0.03478264719585951,0.16538,32313.2,0.0030669220837477823
173,-0.01225685603927775,-0.007148888888888894,12599.844444444445,0.004562206692449234,0.14027307692307692,14112.73076923077,-0.0181653651401984,0.16052894736842108,1370.7763157894738,-0.03478264719585951,0.16538,32313.2,0.0030669220837477823,0.11257758620689659,12382.034482758621,-0.0005734152610487693
174,0.004562206692449234,0.14027307692307692,14112.73076923077,-0.0181653651401984,0.16052894736842108,1370.7763157894738,-0.03478264719585951,0.16538,32313.2,0.0030669220837477823,0.11257758620689659,12382.034482758621,-0.0005734152610487693,0.1294326530612245,18971.897959183672,0.009177938279711128
175,-0.0181653651401984,0.16052894736842108,1370.7763157894738,-0.03478264719585951,0.16538,32313.2,0.0030669220837477823,0.11257758620689659,12382.034482758621,-0.0005734152610487693,0.1294326530612245,18971.897959183672,0.009177938279711128,0.20500222222222225,1634.8222222222223,-0.021599060786816646
176,-0.03478264719585951,0.16538,32313.2,0.0030669220837477823,0.11257758620689659,12382.034482758621,-0.0005734152610487693,0.1294326530612245,18971.897959183672,0.009177938279711128,0.20500222222222225,1634.8222222222223,-0.021599060786816646,0.19468888888888894,1425.4444444444443,0.02846639687306466
177,0.0030669220837477823,0.11257758620689659,12382.034482758621,-0.0005734152610487693,0.1294326530612245,18971.897959183672,0.009177938279711128,0.20500222222222225,1634.8222222222223,-0.021599060786816646,0.19468888888888894,1425.4444444444443,0.02846639687306466,0.15543684210526318,3171.40350877193,-0.03991714502816626
178,-0.0005734152610487693,0.1294326530612245,18971.897959183672,0.009177938279711128,0.20500222222222225,1634.8222222222223,-0.021599060786816646,0.19468888888888894,1425.4444444444443,0.02846639687306466,0.15543684210526318,3171.40350877193,-0.03991714502816626,0.13874444444444448,2374.3611111111113,-0.008433076331105443
179,0.009177938279711128,0.20500222222222225,1634.8222222222223,-0.021599060786816646,0.19468888888888894,1425.4444444444443,0.02846639687306466,0.15543684210526318,3171.40350877193,-0.03991714502816626,0.13874444444444448,2374.3611111111113,-0.008433076331105443,0.1700913043478261,2690.3695652173915,0.004549016268466572
180,-0.021599060786816646,0.19468888888888894,1425.4444444444443,0.02846639687306466,0.15543684210526318,3171.40350877193,-0.03991714502816626,0.13874444444444448,2374.3611111111113,-0.008433076331105443,0.1700913043478261,2690.3695652173915,0.004549016268466572,0.13831250000000003,3054.4305555555557,-0.006103648241866254
181,0.02846639687306466,0.15543684210526318,3171.40350877193,-0.03991714502816626,0.13874444444444448,2374.3611111111113,-0.008433076331105443,0.1700913043478261,2690.3695652173915,0.004549016268466572,0.13831250000000003,3054.4305555555557,-0.006103648241866254,0.09137450980392155,1508.5098039215686,0.03585601607209937
182,-0.03991714502816626,0.13874444444444448,2374.3611111111113,-0.008433076331105443,0.1700913043478261,2690.3695652173915,0.004549016268466572,0.13831250000000003,3054.4305555555557,-0.006103648241866254,0.09137450980392155,1508.5098039215686,0.03585601607209937,0.17764843749999998,4019.4375,-0.009562129966702538
183,-0.0026308483936581598,-0.038071428571428576,457.0,0.008725614256058209,0.15413333333333332,1347.0,-0.00040237460382649195,0.08780454545454545,721.6136363636364,0.016300992744299272,0.18859230769230767,995.3846153846154,0.018946924674830428,0.010740000000000005,690.1,0.02603263050605979
184,0.008725614256058209,0.15413333333333332,1347.0,-0.00040237460382649195,0.08780454545454545,721.6136363636364,0.016300992744299272,0.18859230769230767,995.3846153846154,0.018946924674830428,0.010740000000000005,690.1,0.02603263050605979,0.16034594594594595,1598.6486486486488,-0.004387811796504988
185,-0.00040237460382649195,0.08780454545454545,721.6136363636364,0.016300992744299272,0.18859230769230767,995.3846153846154,0.018946924674830428,0.010740000000000005,690.1,0.02603263050605979,0.16034594594594595,1598.6486486486488,-0.004387811796504988,0.13632580645161294,5223.419354838709,-0.007089342455550708
186,0.016300992744299272,0.18859230769230767,995.3846153846154,0.018946924674830428,0.010740000000000005,690.1,0.02603263050605979,0.16034594594594595,1598.6486486486488,-0.004387811796504988,0.13632580645161294,5223.419354838709,-0.007089342455550708,0.23015483870967746,4753.0,0.016016863921372883
187,0.018946924674830428,0.010740000000000005,690.1,0.02603263050605979,0.16034594594594595,1598.6486486486488,-0.004387811796504988,0.13632580645161294,5223.419354838709,-0.007089342455550708,0.23015483870967746,4753.0,0.016016863921372883,0.121164,1077.2,-0.0279201333424724
188,0.02603263050605979,0.16034594594594595,1598.6486486486488,-0.004387811796504988,0.13632580645161294,5223.419354838709,-0.007089342455550708,0.23015483870967746,4753.0,0.016016863921372883,0.121164,1077.2,-0.0279201333424724,-0.012254999999999999,10488.525,0.0035169742508944913
189,-0.004387811796504988,0.13632580645161294,5223.419354838709,-0.007089342455550708,0.23015483870967746,4753.0,0.016016863921372883,0.121164,1077.2,-0.0279201333424724,-0.012254999999999999,10488.525,0.0035169742508944913,0.1773411764705883,3091.458823529412,0.014407941731767317
190,-0.007089342455550708,0.23015483870967746,4753.0,0.016016863921372883,0.121164,1077.2,-0.0279201333424724,-0.012254999999999999,10488.525,0.0035169742508944913,0.1773411764705883,3091.458823529412,0.014407941731767317,0.20134875000000005,2220.425,-0.015355000016462823
191,0.016016863921372883,0.121164,1077.2,-0.0279201333424724,-0.012254999999999999,10488.525,0.0035169742508944913,0.1773411764705883,3091.458823529412,0.014407941731767317,0.20134875000000005,2220.425,-0.015355000016462823,0.16720888888888888,12151.044444444444,-0.008187112664517524
192,-0.0279201333424724,-0.012254999999999999,10488.525,0.0035169742508944913,0.1773411764705883,3091.458823529412,0.014407941731767317,0.20134875000000005,2220.425,-0.015355000016462823,0.16720888888888888,12151.044444444444,-0.008187112664517524,0.06873999999999998,2161.95,0.03341205128729739
193,0.0035169742508944913,0.1773411764705883,3091.458823529412,0.014407941731767317,0.20134875000000005,2220.425,-0.015355000016462823,0.16720888888888888,12151.044444444444,-0.008187112664517524,0.06873999999999998,2161.95,0.03341205128729739,0.06935,4126.423076923077,0.007036838908145035
194,0.014407941731767317,0.20134875000000005,2220.425,-0.015355000016462823,0.16720888888888888,12151.044444444444,-0.008187112664517524,0.06873999999999998,2161.95,0.03341205128729739,0.06935,4126.423076923077,0.007036838908145035,0.10529142857142858,2118.6285714285714,-0.011331479930569766
195,-0.015355000016462823,0.16720888888888888,12151.044444444444,-0.008187112664517524,0.06873999999999998,2161.95,0.03341205128729739,0.06935,4126.423076923077,0.007036838908145035,0.10529142857142858,2118.6285714285714,-0.011331479930569766,0.21118727272727275,5661.381818181818,-0.006112712653291868
196,-0.008187112664517524,0.06873999999999998,2161.95,0.03341205128729739,0.06935,4126.423076923077,0.007036838908145035,0.10529142857142858,2118.6285714285714,-0.011331479930569766,0.21118727272727275,5661.381818181818,-0.006112712653291868,0.09681428571428571,2673.5714285714284,-0.019219693697535373
197,0.03341205128729739,0.06935,4126.423076923077,0.007036838908145035,0.10529142857142858,2118.6285714285714,-0.011331479930569766,0.21118727272727275,5661.381818181818,-0.006112712653291868,0.09681428571428571,2673.5714285714284,-0.019219693697535373,0.12987868852459017,1685.4590163934427,0.012149880245884741
198,0.007036838908145035,0.10529142857142858,2118.6285714285714,-0.011331479930569766,0.21118727272727275,5661.381818181818,-0.006112712653291868,0.09681428571428571,2673.5714285714284,-0.019219693697535373,0.12987868852459017,1685.4590163934427,0.012149880245884741,0.17779,1095.9777777777779,0.02303964553420343
199,-0.011331479930569766,0.21118727272727275,5661.381818181818,-0.006112712653291868,0.09681428571428571,2673.5714285714284,-0.019219693697535373,0.12987868852459017,1685.4590163934427,0.012149880245884741,0.17779,1095.9777777777779,0.02303964553420343,0.16503820224719098,2250.0224719101125,-0.014950796329212883
200,-0.006112712653291868,0.09681428571428571,2673.5714285714284,-0.019219693697535373,0.12987868852459017,1685.4590163934427,0.012149880245884741,0.17779,1095.9777777777779,0.02303964553420343,0.16503820224719098,2250.0224719101125,-0.014950796329212883,0.06997572815533978,1733.5922330097087,0.019596554375675534
201,-0.019219693697535373,0.12987868852459017,1685.4590163934427,0.012149880245884741,0.17779,1095.9777777777779,0.02303964553420343,0.16503820224719098,2250.0224719101125,-0.014950796329212883,0.06997572815533978,1733.5922330097087,0.019596554375675534,0.06269230769230769,2111.2115384615386,0.0018843529639623693
202,0.012149880245884741,0.17779,1095.9777777777779,0.02303964553420343,0.16503820224719098,2250.0224719101125,-0.014950796329212883,0.06997572815533978,1733.5922330097087,0.019596554375675534,0.06269230769230769,2111.2115384615386,0.0018843529639623693,0.15456478873239432,3210.0704225352115,0.00789908859413887
203,0.02303964553420343,0.16503820224719098,2250.0224719101125,-0.014950796329212883,0.06997572815533978,1733.5922330097087,0.019596554375675534,0.06269230769230769,2111.2115384615386,0.0018843529639623693,0.15456478873239432,3210.0704225352115,0.00789908859413887,0.20284333333333332,2466.0833333333335,0.014181680092014043
204,-0.014950796329212883,0.06997572815533978,1733.5922330097087,0.019596554375675534,0.06269230769230769,2111.2115384615386,0.0018843529639623693,0.15456478873239432,3210.0704225352115,0.00789908859413887,0.20284333333333332,2466.0833333333335,0.014181680092014043,0.10994027777777778,1244.5972222222222,0.005703731356991822
205,0.019596554375675534,0.06269230769230769,2111.2115384615386,0.0018843529639623693,0.15456478873239432,3210.0704225352115,0.00789908859413887,0.20284333333333332,2466.0833333333335,0.014181680092014043,0.10994027777777778,1244.5972222222222,0.005703731356991822,0.17007500000000003,2735.325,-0.02140499010465473
206,0.0018843529639623693,0.15456478873239432,3210.0704225352115,0.00789908859413887,0.20284333333333332,2466.0833333333335,0.014181680092014043,0.10994027777777778,1244.5972222222222,0.005703731356991822,0.17007500000000003,2735.325,-0.02140499010465473,0.07530864197530864,1974.2222222222222,0.006917284462639262
207,0.00789908859413887,0.20284333333333332,2466.0833333333335,0.014181680092014043,0.10994027777777778,1244.5972222222222,0.005703731356991822,0.17007500000000003,2735.325,-0.02140499010465473,0.07530864197530864,1974.2222222222222,0.006917284462639262,0.16527931034482754,724.6896551724138,0.0038989073405650337
208,0.014181680092014043,0.10994027777777778,1244.5972222222222,0.005703731356991822,0.17007500000000003,2735.325,-0.02140499010465473,0.07530864197530864,1974.2222222222222,0.006917284462639262,0.16527931034482754,724.6896551724138,0.0038989073405650337,0.12937058823529413,1333.0980392156862,-0.001849424056326372
209,0.005703731356991822,0.17007500000000003,2735.325,-0.02140499010465473,0.07530864197530864,1974.2222222222222,0.006917284462639262,0.16527931034482754,724.6896551724138,0.0038989073405650337,0.12937058823529413,1333.0980392156862,-0.001849424056326372,0.1268014084507042,2064.9154929577467,0.004446976077391502
210,-0.02140499010465473,0.07530864197530864,1974.2222222222222,0.006917284462639262,0.16527931034482754,724.6896551724138,0.0038989073405650337,0.12937058823529413,1333.0980392156862,-0.001849424056326372,0.1268014084507042,2064.9154929577467,0.004446976077391502,0.012771153846153837,2551.852564102564,-0.012359353551558566
211,0.006917284462639262,0.16527931034482754,724.6896551724138,0.0038989073405650337,0.12937058823529413,1333.0980392156862,-0.001849424056326372,0.1268014084507042,2064.9154929577467,0.004446976077391502,0.012771153846153837,2551.852564102564,-0.012359353551558566,0.0623891891891892,3330.2972972972975,0.021852676805693895
212,0.0038989073405650337,0.12937058823529413,1333.0980392156862,-0.001849424056326372,0.1268014084507042,2064.9154929577467,0.004446976077391502,0.012771153846153837,2551.852564102564,-0.012359353551558566,0.0623891891891892,3330.2972972972975,0.021852676805693895,0.1619903846153846,2383.903846153846,0.006214694700939308
213,-0.001849424056326372,0.1268014084507042,2064.9154929577467,0.004446976077391502,0.012771153846153837,2551.852564102564,-0.012359353551558566,0.0623891891891892,3330.2972972972975,0.021852676805693895,0.1619903846153846,2383.903846153846,0.006214694700939308,0.11337243589743587,10887.98717948718,0.0032698286855729055
214,0.004446976077391502,0.012771153846153837,2551.852564102564,-0.012359353551558566,0.0623891891891892,3330.2972972972975,0.021852676805693895,0.1619903846153846,2383.903846153846,0.006214694700939308,0.11337243589743587,10887.98717948718,0.0032698286855729055,0.14877037037037041,5419.435185185185,0.006156026823819453
215,-0.012359353551558566,0.0623891891891892,3330.2972972972975,0.021852676805693895,0.1619903846153846,2383.903846153846,0.006214694700939308,0.11337243589743587,10887.98717948718,0.0032698286855729055,0.14877037037037041,5419.435185185185,0.006156026823819453,0.1524714285714285,2949.6,-0.002519357119010488
216,0.021852676805693895,0.1619903846153846,2383.903846153846,0.006214694700939308,0.11337243589743587,10887.98717948718,0.0032698286855729055,0.14877037037037041,5419.435185185185,0.006156026823819453,0.1524714285714285,2949.6,-0.002519357119010488,0.04541879699248123,590.6315789473684,-0.015695576476626286
217,0.006214694700939308,0.11337243589743587,10887.98717948718,0.0032698286855729055,0.14877037037037041,5419.435185185185,0.006156026823819453,0.1524714285714285,2949.6,-0.002519357119010488,0.04541879699248123,590.6315789473684,-0.015695576476626286,0.1367297619047619,959.202380952381,0.010263785044379215
218,0.0032698286855729055,0.14877037037037041,5419.435185185185,0.006156026823819453,0.1524714285714285,2949.6,-0.002519357119010488,0.04541879699248123,590.6315789473684,-0.015695576476626286,0.1367297619047619,959.202380952381,0.010263785044379215,0.12165853658536589,1079.0731707317073,-0.01197370409261946
